Tahun,Provinsi,Luas_Area_Negara,Produksi_Negara,Produktivitas_Negara,Luas_Area_Swasta,Produksi_Swasta,Produktivitas_Swasta,Luas_Area_Rakyat,Produksi_Rakyat,Produktivitas_Rakyat,Total_Area,Total_Produksi,Produktivitas_Total,Pangsa_Produksi_Nasional_Persen
2010,Aceh,38775,49870,1.29,135664,344168,2.54,150053,222472,1.48,324492,616510,1.90,2.74
2010,Bali,0,0,0.00,0,0,0.00,0,0,0.00,0,0,0.00,0.00
2010,Bangka Belitung,0,0,0.00,133147,440517,3.31,42656,49663,1.16,175803,490180,2.79,2.18
2010,Banten,9312,16614,1.78,47,68,1.45,6867,9287,1.35,16226,25969,1.60,0.12
2010,Bengkulu,4386,13624,3.11,88061,320651,3.64,205324,461718,2.25,297771,795993,2.67,3.54
2010,D.I. Yogyakarta,0,0,0.00,0,0,0.00,0,0,0.00,0,0,0.00,0.00
2010,DKI Jakarta,0,0,0.00,0,0,0.00,0,0,0.00,0,0,0.00,0.00
2010,Gorontalo,0,0,0.00,0,0,0.00,0,0,0.00,0,0,0.00,0.00
2010,Jambi,23609,80459,3.41,214028,654135,3.06,306049,909492,2.97,543686,1644086,3.02,7.31
2010,Jawa Barat,4445,12022,2.70,4605,4352,0.95,5,0,0.00,9055,16374,1.81,0.07
2010,Jawa Tengah,0,0,0.00,0,0,0.00,0,0,0.00,0,0,0.00,0.00
2010,Jawa Timur,0,0,0.00,0,0,0.00,0,0,0.00,0,0,0.00,0.00
2010,Kalimantan Barat,60206,189494,3.15,378164,817176,2.16,228440,420206,1.84,666810,1426876,2.14,6.34
2010,Kalimantan Selatan,10613,18574,1.75,361046,930395,2.58,56060,100250,1.79,427719,1049219,2.45,4.66
2010,Kalimantan Tengah,0,0,0.00,814780,1506411,1.85,134511,218257,1.62,949291,1724668,1.82,7.67
2010,Kalimantan Timur,41869,131389,3.14,384740,397157,1.03,115785,171415,1.48,542394,699961,1.29,3.11
2010,Kepulauan Riau,0,0,0.00,5844,11818,2.02,2644,2233,0.84,8488,14051,1.66,0.06
2010,Lampung,11902,36322,3.05,49281,194410,3.94,80217,174991,2.18,141400,405723,2.87,1.80
2010,Maluku,0,0,0.00,0,0,0.00,0,0,0.00,0,0,0.00,0.00
2010,Maluku Utara,0,0,0.00,0,0,0.00,0,0,0.00,0,0,0.00,0.00
2010,Nusa Tenggara Barat,0,0,0.00,0,0,0.00,0,0,0.00,0,0,0.00,0.00
2010,Nusa Tenggara Timur,0,0,0.00,0,0,0.00,0,0,0.00,0,0,0.00,0.00
2010,Papua,12079,24175,2.00,17595,61910,3.52,15521,50286,3.24,45195,136371,3.02,0.61
2010,Papua Barat,2807,7291,2.60,11665,25549,2.19,10915,33388,3.06,25387,66228,2.61,0.29
2010,Riau,75841,215056,2.84,648670,2386453,3.68,1055543,2894459,2.74,1780054,5495968,3.09,24.43
2010,Sulawesi Barat,0,0,0.00,41430,161579,3.90,53420,102772,1.92,94850,264351,2.79,1.18
2010,Sulawesi Selatan,5484,4616,0.84,2475,4844,1.96,10794,25458,2.36,18753,34918,1.86,0.16
2010,Sulawesi Tengah,3669,1990,0.54,43478,100187,2.30,17446,43662,2.50,64593,145839,2.26,0.65
2010,Sulawesi Tenggara,3769,2656,0.70,31563,12531,0.40,2499,0,0.00,37831,15187,0.40,0.07
2010,Sulawesi Utara,0,0,0.00,0,0,0.00,0,0,0.00,0,0,0.00,0.00
2010,Sumatera Barat,9084,23085,2.54,194306,541215,2.79,173767,421640,2.43,377157,985940,2.61,4.38
2010,Sumatera Selatan,45574,80804,1.77,495096,1465357,2.96,321606,996661,3.10,862276,2542822,2.95,11.30
2010,Sumatera Utara,295068,1013619,3.44,447393,1735605,3.88,397136,1150399,2.90,1139597,3899623,3.42,17.33
2011,Aceh,42352,79794,1.88,134520,341983,2.54,183371,196570,1.07,360243,618347,1.72,2.58
2011,Bali,0,0,0.00,0,0,0.00,0,0,0.00,0,0,0.00,0.00
2011,Bangka Belitung,0,0,0.00,136763,432023,3.16,49352,72532,1.47,186115,504555,2.71,2.10
2011,Banten,7913,13103,1.66,53117,14844,0.28,6878,8611,1.25,21831,0,0.00,0.00
2011,Bengkulu,4386,15118,3.45,111301,329768,2.96,192450,464626,2.41,308137,809512,2.63,3.38
2011,D.I. Yogyakarta,0,0,0.00,0,0,0.00,0,0,0.00,0,0,0.00,0.00
2011,DKI Jakarta,0,0,0.00,0,0,0.00,0,0,0.00,0,0,0.00,0.00
2011,Gorontalo,0,0,0.00,0,0,0.00,0,0,0.00,0,0,0.00,0.00
2011,Jambi,24273,85201,3.51,262920,805916,3.07,359791,882031,2.45,646984,1773148,2.74,7.40
2011,Jawa Barat,6811,15375,2.26,7135,8317,1.17,179,29,0.16,14125,23721,1.68,0.10
2011,Jawa Tengah,0,0,0.00,0,0,0.00,0,0,0.00,0,0,0.00,0.00
2011,Jawa Timur,0,0,0.00,0,0,0.00,0,0,0.00,0,0,0.00,0.00
2011,Kalimantan Barat,60206,200562,3.33,385081,871552,2.26,255235,436210,1.71,700522,1508324,2.15,6.29
2011,Kalimantan Selatan,13768,27065,1.97,351224,906211,2.58,59818,113325,1.89,424810,1046601,2.46,4.37
2011,Kalimantan Tengah,0,0,0.00,879804,2255236,2.56,128548,244018,1.90,1008352,2499254,2.48,10.42
2011,Kalimantan Timur,43190,146972,3.40,455836,748066,1.64,158235,168793,1.07,657261,1063831,1.62,4.44
2011,Kepulauan Riau,0,0,0.00,5846,13975,2.39,2868,2919,1.02,8714,16894,1.94,0.07
2011,Lampung,17877,56446,3.16,47825,190253,3.98,57652,167820,2.91,123354,414519,3.36,1.73
2011,Maluku,0,0,0.00,0,0,0.00,0,0,0.00,0,0,0.00,0.00
2011,Maluku Utara,0,0,0.00,0,0,0.00,0,0,0.00,0,0,0.00,0.00
2011,Nusa Tenggara Barat,0,0,0.00,0,0,0.00,0,0,0.00,0,0,0.00,0.00
2011,Nusa Tenggara Timur,0,0,0.00,0,0,0.00,0,0,0.00,0,0,0.00,0.00
2011,Papua,12079,24410,2.02,17595,62508,3.55,9818,16135,1.64,39492,103053,2.61,0.43
2011,Papua Barat,2807,7363,2.62,6408,13347,2.08,10915,33397,3.06,20130,54107,2.69,0.23
2011,Riau,78979,244393,3.09,634551,2330298,3.67,1205498,3174176,2.63,1919028,5748867,3.00,23.98
2011,Sulawesi Barat,0,0,0.00,41371,135052,3.26,53854,111013,2.06,95225,246065,2.58,1.03
2011,Sulawesi Selatan,10009,19403,1.94,2475,5881,2.38,15391,23909,1.55,27875,49193,1.76,0.21
2011,Sulawesi Tengah,3755,3950,1.05,40102,85422,2.13,49977,96798,1.94,93834,186170,1.98,0.78
2011,Sulawesi Tenggara,4802,3799,0.79,35852,12323,0.34,4157,69,0.02,44811,16191,0.36,0.07
2011,Sulawesi Utara,0,0,0.00,0,0,0.00,0,0,0.00,0,0,0.00,0.00
2011,Sumatera Barat,9367,34156,3.65,184792,509965,2.76,176495,383280,2.17,370654,927401,2.50,3.87
2011,Sumatera Selatan,48915,146442,2.99,458692,1296388,2.83,366197,1007385,2.75,873804,2450215,2.80,10.22
2011,Sumatera Utara,300576,1030666,3.43,457605,1689229,3.69,405801,1194279,2.94,1163982,3914174,3.36,16.33
2012,Aceh,39249,63726,1.62,146600,354548,2.42,195639,236525,1.21,381488,654799,1.72,2.84
2012,Bali,0,0,0.00,0,0,0.00,0,0,0.00,0,0,0.00,0.00
2012,Bangka Belitung,0,0,0.00,129820,423790,3.26,60567,80811,1.33,190387,504601,2.65,2.19
2012,Banten,11396,16168,1.42,848,1022,1.21,7629,10483,1.37,19873,27673,1.39,0.12
2012,Bengkulu,4386,15591,3.55,91981,322510,3.51,193839,463921,2.39,290206,802022,2.76,3.48
2012,D.I. Yogyakarta,0,0,0.00,0,0,0.00,0,0,0.00,0,0,0.00,0.00
2012,DKI Jakarta,0,0,0.00,0,0,0.00,0,0,0.00,0,0,0.00,0.00
2012,Gorontalo,0,0,0.00,0,0,0.00,0,0,0.00,0,0,0.00,0.00
2012,Jambi,26179,78297,2.99,242681,744595,3.07,427950,895399,2.09,696810,1718291,2.47,7.45
2012,Jawa Barat,17672,3189,0.18,4943,10883,2.20,179105,7515,0.04,220720,22720,0.10,0.10
2012,Jawa Tengah,0,0,0.00,0,0,0.00,0,0,0.00,0,0,0.00,0.00
2012,Jawa Timur,0,0,0.00,0,0,0.00,0,0,0.00,0,0,0.00,0.00
2012,Kalimantan Barat,66295,193446,2.92,538329,1197562,2.22,293306,439851,1.50,897930,1830859,2.04,7.94
2012,Kalimantan Selatan,13896,43069,3.10,416134,1065687,2.56,67564,124328,1.84,497694,1233084,2.48,5.35
2012,Kalimantan Tengah,700382,967110,1.38,2707721,1126506,0.42,158696,250178,1.58,2958281,0,0.00,0.00
2012,Kalimantan Timur,57439,158929,2.77,515227,955469,1.85,216720,183744,0.85,789386,1298142,1.64,5.63
2012,Kepulauan Riau,0,0,0.00,17719,36281,2.05,1265923,0,0.00,18984,37204,1.96,0.16
2012,Lampung,18003,60610,3.37,56440,201248,3.57,86119,171964,2.00,160562,433822,2.70,1.88
2012,Maluku,0,0,0.00,0,0,0.00,0,0,0.00,15614,0,0.00,0.00
2012,Maluku Utara,0,0,0.00,0,0,0.00,0,0,0.00,0,0,0.00,0.00
2012,Nusa Tenggara Barat,0,0,0.00,0,0,0.00,0,0,0.00,0,0,0.00,0.00
2012,Nusa Tenggara Timur,0,0,0.00,0,0,0.00,0,0,0.00,0,0,0.00,0.00
2012,Papua,12079,24999,2.07,24397,60357,2.47,14244,8120,0.57,50720,93476,1.84,0.41
2012,Papua Barat,2807,7363,2.62,35385,11959,0.34,10915,34394,3.15,38976,53716,1.38,0.23
2012,Riau,77740,225124,2.90,764154,2674241,3.50,1297294,3485172,2.69,2139824,6384537,2.98,27.69
2012,Sulawesi Barat,0,0,0.00,47085,157669,3.35,47997,96059,2.00,95082,253728,2.67,1.10
2012,Sulawesi Selatan,6321,13853,2.19,2530,5929,2.34,23413,27400,1.17,32264,47182,1.46,0.20
2012,Sulawesi Tengah,6189,6163,1.00,74026,123132,1.66,62377,104784,1.68,142592,234079,1.64,1.02
2012,Sulawesi Tenggara,3817,5614,1.47,51215,23168,0.45,5538,82,0.01,60570,28864,0.48,0.13
2012,Sulawesi Utara,0,0,0.00,0,0,0.00,0,0,0.00,0,0,0.00,0.00
2012,Sumatera Barat,9357,35498,3.79,169154,510329,3.02,177389,384288,2.17,355900,930115,2.61,4.03
2012,Sumatera Selatan,49171,135262,2.75,476552,1343578,2.82,372439,1014059,2.72,898162,2492899,2.78,10.81
2012,Sumatera Utara,321538,1031241,3.21,484829,1759045,3.63,416542,1185139,2.85,1222909,3975425,3.25,17.24
2013,Aceh,39194,67304,1.72,159204,404328,2.54,198246,345893,1.74,396644,817525,2.06,2.94
2013,Bali,0,0,0.00,0,0,0.00,0,0,0.00,0,0,0.00,0.00
2013,Bangka Belitung,0,0,0.00,141976,413329,2.91,59115,94796,1.60,201091,508125,2.53,1.83
2013,Banten,9843,15920,1.62,2513,1023,0.41,7745,10133,1.31,20101,27076,1.35,0.10
2013,Bengkulu,4386,16620,3.79,91930,304214,3.31,194317,466216,2.40,290633,787050,2.71,2.83
2013,D.I. Yogyakarta,0,0,0.00,0,0,0.00,0,0,0.00,0,0,0.00,0.00
2013,DKI Jakarta,0,0,0.00,0,0,0.00,0,0,0.00,0,0,0.00,0.00
2013,Gorontalo,0,0,0.00,0,0,0.00,0,0,0.00,0,0,0.00,0.00
2013,Jambi,26181,84290,3.22,224487,702036,3.13,407261,963291,2.37,657929,1749617,2.66,6.30
2013,Jawa Barat,10226,27644,2.70,3139,4846,1.54,246,153,0.62,13611,32643,2.40,0.12
2013,Jawa Tengah,0,0,0.00,0,0,0.00,0,0,0.00,0,0,0.00,0.00
2013,Jawa Timur,0,0,0.00,0,0,0.00,0,0,0.00,0,0,0.00,0.00
2013,Kalimantan Barat,57134,129706,2.27,542763,1187230,2.19,314938,477530,1.52,914835,1794466,1.96,6.46
2013,Kalimantan Selatan,16886,51255,3.04,389404,1054397,2.71,69449,138388,1.99,475739,1244040,2.61,4.48
2013,Kalimantan Tengah,700,382,0.55,967935,2896793,2.99,131057,229963,1.75,1099692,3127138,2.84,11.26
2013,Kalimantan Timur,50529,147762,2.92,462204,906223,1.96,201478,295790,1.47,714211,1349775,1.89,4.86
2013,Kalimantan Utara,7220,18033,2.50,66038,110597,1.67,28788,36099,1.25,102046,164729,1.61,0.59
2013,Kepulauan Riau,0,0,0.00,17761,35640,2.01,1275,1134,0.89,19036,36774,1.93,0.13
2013,Lampung,18512,64059,3.46,52963,187878,3.55,86570,172118,1.99,158045,424055,2.68,1.53
2013,Maluku,0,0,0.00,15614,0,0.00,18367,14740,0.80,33981,14740,0.43,0.05
2013,Maluku Utara,0,0,0.00,0,0,0.00,0,0,0.00,0,0,0.00,0.00
2013,Nusa Tenggara Barat,0,0,0.00,0,0,0.00,0,0,0.00,0,0,0.00,0.00
2013,Nusa Tenggara Timur,0,0,0.00,0,0,0.00,0,0,0.00,0,0,0.00,0.00
2013,Papua,12079,24999,2.07,24397,60357,2.47,14244,8120,0.57,50720,93476,1.84,0.34
2013,Papua Barat,2807,7363,2.62,25254,11959,0.47,10915,34394,3.15,38976,53716,1.38,0.19
2013,Riau,83670,249321,2.98,761975,2705481,3.55,1348076,3692195,2.74,2193721,6646997,3.03,23.93
2013,Sulawesi Barat,0,0,0.00,45471,156208,3.44,50847,126530,2.49,96318,282738,2.94,1.02
2013,Sulawesi Selatan,6334,10999,1.74,2518,5918,2.35,27410,32901,1.20,36262,49818,1.37,0.18
2013,Sulawesi Tengah,1133,1521,1.34,72064,121478,1.69,67685,121075,1.79,140882,244074,1.73,0.88
2013,Sulawesi Tenggara,3817,5648,1.48,35476,65211,1.84,6125,419,0.07,45418,71278,1.57,0.26
2013,Sulawesi Utara,0,0,0.00,0,0,0.00,0,0,0.00,0,0,0.00,0.00
2013,Sumatera Barat,8179,27998,3.42,168579,567857,3.37,187450,426477,2.28,364208,1022332,2.81,3.68
2013,Sumatera Selatan,53708,135563,2.52,476035,1417993,2.98,530830,1137064,2.14,1060573,2690620,2.54,9.68
2013,Sumatera Utara,315229,1058264,3.36,631466,2305629,3.65,393653,1185309,3.01,1340348,4549202,3.39,16.37
2014,Aceh,36547,65463,1.79,168776,504326,2.99,214850,375828,1.75,420173,945617,2.25,3.45
2014,Bali,0,0,0.00,0,0,0.00,0,0,0.00,0,0,0.00,0.00
2014,Bangka Belitung,0,0,0.00,144702,416005,2.87,61505,100592,1.64,206207,516597,2.51,1.88
2014,Banten,9275,12869,1.39,2513,1030,0.41,7936,10401,1.31,19724,24300,1.23,0.09
2014,Bengkulu,4386,13540,3.09,99051,319222,3.22,190363,466056,2.45,293800,798818,2.72,2.91
2014,D.I. Yogyakarta,0,0,0.00,0,0,0.00,0,0,0.00,0,0,0.00,0.00
2014,DKI Jakarta,0,0,0.00,0,0,0.00,0,0,0.00,0,0,0.00,0.00
2014,Gorontalo,0,0,0.00,0,0,0.00,4306,0,0.00,4306,0,0.00,0.00
2014,Jambi,23622,84011,3.56,233310,711919,3.05,436035,977805,2.24,692967,1773735,2.56,6.46
2014,Jawa Barat,27909,3139,0.11,4944,13624,2.76,259168,10226,0.04,292021,33021,0.11,0.12
2014,Jawa Tengah,0,0,0.00,0,0,0.00,0,0,0.00,0,0,0.00,0.00
2014,Jawa Timur,0,0,0.00,0,0,0.00,0,0,0.00,0,0,0.00,0.00
2014,Kalimantan Barat,56205,125090,2.23,540336,1347432,2.49,339866,492993,1.45,936407,1965515,2.10,7.16
2014,Kalimantan Selatan,16886,54345,3.22,416318,1249471,3.00,79693,156750,1.97,512897,1460566,2.85,5.32
2014,Kalimantan Tengah,700382,974324,1.39,2929175,115933,0.04,140909,228682,1.62,3770466,1318939,0.35,4.81
2014,Kalimantan Timur,57749,189813,3.29,438696,901791,2.06,236952,315733,1.33,733397,1407337,1.92,5.13
2014,Kalimantan Utara,0,0,0.00,128470,210324,1.64,24845,45379,1.83,153315,255703,1.67,0.93
2014,Kepulauan Riau,0,0,0.00,17753,43892,2.47,1248,1109,0.89,19001,45001,2.37,0.16
2014,Lampung,17119,63960,3.74,53331,208068,3.90,114464,183876,1.61,184914,455904,2.47,1.66
2014,Maluku,0,0,0.00,9197,0,0.00,1100,0,0.00,10297,0,0.00,0.00
2014,Maluku Utara,0,0,0.00,0,0,0.00,0,0,0.00,0,0,0.00,0.00
2014,Nusa Tenggara Barat,0,0,0.00,0,0,0.00,0,0,0.00,0,0,0.00,0.00
2014,Nusa Tenggara Timur,0,0,0.00,0,0,0.00,0,0,0.00,0,0,0.00,0.00
2014,Papua,12079,24999,2.07,24397,60357,2.47,14884,8666,0.58,51360,94022,1.83,0.34
2014,Papua Barat,2807,7363,2.62,35385,29923,0.85,11405,36705,3.22,49597,73991,1.49,0.27
2014,Riau,85586,264791,3.09,847331,3021559,3.57,1357819,3706891,2.73,2290736,6993241,3.05,25.49
2014,Sulawesi Barat,0,0,0.00,45471,125947,2.77,60894,159575,2.62,106365,285522,2.68,1.04
2014,Sulawesi Selatan,18589,38149,2.05,2518,5825,2.31,29807,34919,1.17,50914,78893,1.55,0.29
2014,Sulawesi Tengah,1133,1505,1.33,77093,125667,1.63,69686,127191,1.83,147912,254363,1.72,0.93
2014,Sulawesi Tenggara,3817,5614,1.47,35476,65231,1.84,5913,128,0.02,45206,70973,1.57,0.26
2014,Sulawesi Utara,0,0,0.00,0,0,0.00,0,0,0.00,0,0,0.00,0.00
2014,Sumatera Barat,9614,38080,3.96,174707,435792,2.49,192153,450941,2.35,376474,924813,2.46,3.37
2014,Sumatera Selatan,47673,134694,2.83,466424,1518981,3.26,408905,1138141,2.78,923002,2791816,3.02,10.17
2014,Sumatera Utara,315009,1076759,3.42,664696,2606577,3.92,416568,1186866,2.85,1396273,4870202,3.49,17.75
2015,Aceh,41770,65041,1.56,166354,446097,2.68,220092,385175,1.75,428216,896313,2.09,2.88
2015,Bali,0,0,0.00,0,0,0.00,0,0,0.00,0,0,0.00,0.00
2015,Bangka Belitung,0,0,0.00,147871,416005,2.81,63212,107084,1.69,211083,523089,2.48,1.68
2015,Banten,9604,17274,1.80,2149,1612,0.75,7531,6629,0.88,19284,25515,1.32,0.08
2015,Bengkulu,4677,16684,3.57,93090,263883,2.83,191147,466954,2.44,288914,747521,2.59,2.41
2015,D.I. Yogyakarta,0,0,0.00,0,0,0.00,0,0,0.00,0,0,0.00,0.00
2015,DKI Jakarta,0,0,0.00,0,0,0.00,0,0,0.00,0,0,0.00,0.00
2015,Gorontalo,0,0,0.00,6832,70,0.01,4306,10,0.00,11138,80,0.01,0.00
2015,Jambi,23758,84713,3.57,240566,711919,2.96,450075,998243,2.22,714399,1794875,2.51,5.78
2015,Jawa Barat,9636,25196,2.61,4186,9602,2.29,261224,0,0.00,275046,34798,0.13,0.11
2015,Jawa Tengah,0,0,0.00,0,0,0.00,0,0,0.00,0,0,0.00,0.00
2015,Jawa Timur,0,0,0.00,0,0,0.00,0,0,0.00,0,0,0.00,0.00
2015,Kalimantan Barat,51428,116106,2.26,710472,1348260,1.90,382285,703770,1.84,1144185,2168136,1.89,6.98
2015,Kalimantan Selatan,16969,51925,3.06,323367,809261,2.50,80732,188277,2.33,421068,1049463,2.49,3.38
2015,Kalimantan Tengah,0,0,0.00,995728,3341513,3.36,146277,231470,1.58,1142005,3572983,3.13,11.50
2015,Kalimantan Timur,57373,156239,2.72,536260,1065939,1.99,255976,364446,1.42,849609,1586624,1.87,5.11
2015,Kalimantan Utara,0,0,0.00,132137,223211,1.69,25289,44876,1.77,157426,268087,1.70,0.86
2015,Kepulauan Riau,0,0,0.00,17753,43892,2.47,1260,1170,0.93,19013,45062,2.37,0.15
2015,Lampung,15347,42222,2.75,81107,217028,2.68,111414,175064,1.57,207868,434314,2.09,1.40
2015,Maluku,0,0,0.00,9197,0,0.00,853,25,0.03,10050,25,0.00,0.00
2015,Maluku Utara,0,0,0.00,0,0,0.00,0,0,0.00,0,0,0.00,0.00
2015,Nusa Tenggara Barat,0,0,0.00,0,0,0.00,0,0,0.00,0,0,0.00,0.00
2015,Nusa Tenggara Timur,0,0,0.00,0,0,0.00,0,0,0.00,0,0,0.00,0.00
2015,Papua,12193,24999,2.05,24397,60357,2.47,14243,8120,0.57,50833,93476,1.84,0.30
2015,Papua Barat,2882,7363,2.55,36712,29923,0.82,11404,36705,3.22,51000,73991,1.45,0.24
2015,Riau,91854,312012,3.40,954519,4135981,4.33,1354503,3611853,2.67,2400876,8059846,3.36,25.94
2015,Sulawesi Barat,0,0,0.00,46994,130266,2.77,61160,164351,2.69,108154,294617,2.72,0.95
2015,Sulawesi Selatan,19098,38803,2.03,2533,5850,2.31,30073,66895,2.22,51704,111548,2.16,0.36
2015,Sulawesi Tengah,1133,1783,1.57,76343,133182,1.74,73646,140385,1.91,151122,275350,1.82,0.89
2015,Sulawesi Tenggara,3817,5614,1.47,35476,66589,1.88,6466,211,0.03,45759,72414,1.58,0.23
2015,Sulawesi Utara,0,0,0.00,0,0,0.00,0,0,0.00,0,0,0.00,0.00
2015,Sumatera Barat,9261,26424,2.85,180036,440401,2.45,194089,459793,2.37,383386,926618,2.42,2.98
2015,Sumatera Selatan,49051,132370,2.70,471928,1520758,3.22,431104,1168810,2.71,952083,2821938,2.96,9.08
2015,Sumatera Utara,324043,1222054,3.77,684977,2773793,4.05,418002,1197288,2.86,1427022,5193135,3.64,16.71
2016,Aceh,28419,53264,1.87,113430,270706,2.39,228230,408744,1.79,370079,732714,1.98,2.33
2016,Bali,0,0,0.00,0,0,0.00,0,0,0.00,0,0,0.00,0.00
2016,Bangka Belitung,0,0,0.00,168066,607038,3.61,64148,119585,1.86,232214,726623,3.13,2.31
2016,Banten,9605,21792,2.27,2411,2304,0.96,7432,3373,0.45,19448,27469,1.41,0.09
2016,Bengkulu,1212,4841,3.99,91588,272571,2.98,192296,472770,2.46,285096,750182,2.63,2.38
2016,D.I. Yogyakarta,0,0,0.00,0,0,0.00,0,0,0.00,0,0,0.00,0.00
2016,DKI Jakarta,0,0,0.00,0,0,0.00,0,0,0.00,0,0,0.00,0.00
2016,Gorontalo,0,0,0.00,1035,0,0.00,4957,10,0.00,5992,10,0.00,0.00
2016,Jambi,24062,64765,2.69,171865,359983,2.09,467573,1010393,2.16,663500,1435141,2.16,4.56
2016,Jawa Barat,13436,24865,1.85,3614,7712,2.13,244,248,1.02,17294,32825,1.90,0.10
2016,Jawa Tengah,0,0,0.00,0,0,0.00,0,0,0.00,0,0,0.00,0.00
2016,Jawa Timur,0,0,0.00,0,0,0.00,0,0,0.00,0,0,0.00,0.00
2016,Kalimantan Barat,25733,40153,1.56,831292,1403588,1.69,407410,748850,1.84,1264435,2192591,1.73,6.96
2016,Kalimantan Selatan,11449,47187,4.12,454873,1500628,3.30,86822,202574,2.33,553144,1750389,3.16,5.56
2016,Kalimantan Tengah,0,0,0.00,1138198,4020026,3.53,149930,240067,1.60,1288128,4260093,3.31,13.53
2016,Kalimantan Timur,54157,47224,0.87,690123,1839863,2.67,277034,471305,1.70,1021314,2358392,2.31,7.49
2016,Kalimantan Utara,0,0,0.00,22767,90140,3.96,27580,77528,2.81,50347,167668,3.33,0.53
2016,Kepulauan Riau,0,0,0.00,6094,20188,3.31,1315,1246,0.95,7409,21434,2.89,0.07
2016,Lampung,13667,45759,3.35,73250,203877,2.78,112553,176231,1.57,199470,425867,2.13,1.35
2016,Maluku,0,0,0.00,9201,7271,0.79,853,44,0.05,10054,7315,0.73,0.02
2016,Maluku Utara,0,0,0.00,0,0,0.00,0,0,0.00,0,0,0.00,0.00
2016,Nusa Tenggara Barat,0,0,0.00,0,0,0.00,0,0,0.00,0,0,0.00,0.00
2016,Nusa Tenggara Timur,0,0,0.00,0,0,0.00,0,0,0.00,0,0,0.00,0.00
2016,Papua,13608,1591,0.12,57181,10892,0.19,14244,8162,0.57,85033,20645,0.24,0.07
2016,Papua Barat,14747,38291,2.60,33528,60688,1.81,11405,36951,3.24,59680,135930,2.28,0.43
2016,Riau,59792,197786,3.31,569818,3342790,5.87,1383341,3884532,2.81,2012951,7425108,3.69,23.58
2016,Sulawesi Barat,0,0,0.00,55221,194167,3.52,95088,239939,2.52,150309,434106,2.89,1.38
2016,Sulawesi Selatan,24378,16454,0.67,591,728,1.23,30738,87875,2.86,55707,105057,1.89,0.33
2016,Sulawesi Tengah,0,0,0.00,83381,152640,1.83,74806,164141,2.19,158187,316781,2.00,1.01
2016,Sulawesi Tenggara,1313,1152,0.88,60766,62906,1.04,6950,1347,0.19,69029,65405,0.95,0.21
2016,Sulawesi Utara,0,0,0.00,0,0,0.00,0,0,0.00,0,0,0.00,0.00
2016,Sumatera Barat,15079,91234,6.05,154461,592152,3.83,208900,499672,2.39,378440,1183058,3.13,3.76
2016,Sumatera Selatan,32893,73086,2.22,401129,1368057,3.41,467660,1488309,3.18,901682,2929452,3.25,9.30
2016,Sumatera Utara,363878,1118555,3.07,560836,1633530,2.91,417809,1231646,2.95,1342523,3983731,2.97,12.65
2017,Aceh,29343,68273,2.33,128716,292150,2.27,282234,506838,1.80,440293,867261,1.97,2.48
2017,Bali,0,0,0.00,0,0,0.00,0,0,0.00,0,0,0.00,0.00
2017,Bangka Belitung,0,0,0.00,170186,641580,3.77,71402,114484,1.60,241588,756064,3.13,2.16
2017,Banten,9605,24317,2.53,2450,3392,1.38,7761,4356,0.56,19816,32065,1.62,0.09
2017,Bengkulu,1283,3047,2.37,101957,287073,2.82,236513,559538,2.37,339753,849658,2.50,2.43
2017,D.I. Yogyakarta,0,0,0.00,0,0,0.00,0,0,0.00,0,0,0.00,0.00
2017,DKI Jakarta,0,0,0.00,0,0,0.00,0,0,0.00,0,0,0.00,0.00
2017,Gorontalo,0,0,0.00,1669,1454,0.87,5157,34,0.01,6826,1488,0.22,0.00
2017,Jambi,24041,76693,3.19,167839,440084,2.62,576142,1266256,2.20,768022,1783033,2.32,5.10
2017,Jawa Barat,11843,33976,2.87,3717,8179,2.20,1094,261,0.24,16654,42416,2.55,0.12
2017,Jawa Tengah,0,0,0.00,0,0,0.00,0,0,0.00,0,0,0.00,0.00
2017,Jawa Timur,0,0,0.00,0,0,0.00,0,0,0.00,0,0,0.00,0.00
2017,Kalimantan Barat,27407,79763,2.91,1032216,1677861,1.63,416071,771353,1.85,1475694,2528977,1.71,7.24
2017,Kalimantan Selatan,8872,15864,1.79,351168,1238444,3.53,147956,305746,2.07,507996,1560054,3.07,4.46
2017,Kalimantan Tengah,0,0,0.00,1167292,4957769,4.25,171697,252066,1.47,1338989,5209835,3.89,14.91
2017,Kalimantan Timur,36230,47711,1.32,691829,1985569,2.87,350745,505425,1.44,1078804,2538705,2.35,7.27
2017,Kalimantan Utara,0,0,0.00,24377,92003,3.77,43082,113226,2.63,67459,205229,3.04,0.59
2017,Kepulauan Riau,0,0,0.00,6094,23461,3.85,3760,1634,0.43,9854,25095,2.55,0.07
2017,Lampung,13601,38163,2.81,87057,201939,2.32,141685,215897,1.52,242343,455999,1.88,1.31
2017,Maluku,0,0,0.00,11460,10122,0.88,2280,297,0.13,13740,10419,0.76,0.03
2017,Maluku Utara,0,0,0.00,0,0,0.00,0,0,0.00,0,0,0.00,0.00
2017,Nusa Tenggara Barat,0,0,0.00,0,0,0.00,0,0,0.00,0,0,0.00,0.00
2017,Nusa Tenggara Timur,0,0,0.00,0,0,0.00,0,0,0.00,0,0,0.00,0.00
2017,Papua,11649,31356,2.69,99380,117321,1.18,67045,10207,0.15,178074,158884,0.89,0.45
2017,Papua Barat,14077,2243,0.16,32658,81362,2.49,13600,47642,3.50,60335,131247,2.18,0.38
2017,Riau,67876,238517,3.51,612864,3434639,5.60,1529012,3918291,2.56,2209752,7591447,3.44,21.73
2017,Sulawesi Barat,0,0,0.00,55222,272483,4.93,107136,254791,2.38,162358,527274,3.25,1.51
2017,Sulawesi Selatan,24378,6721,0.28,4269,5938,1.39,36380,100409,2.76,65027,113068,1.74,0.32
2017,Sulawesi Tengah,0,0,0.00,83608,259546,3.10,90854,157585,1.73,174462,417131,2.39,1.19
2017,Sulawesi Tenggara,1314,1598,1.22,61344,82656,1.35,11127,2601,0.23,73785,86855,1.18,0.25
2017,Sulawesi Utara,0,0,0.00,0,0,0.00,0,0,0.00,0,0,0.00,0.00
2017,Sumatera Barat,8405,37298,4.44,152584,616577,4.04,236536,555295,2.35,397525,1209170,3.04,3.46
2017,Sumatera Selatan,31711,80822,2.55,434189,1397299,3.22,566876,1508831,2.66,1032776,2986952,2.89,8.55
2017,Sumatera Utara,316508,1074901,3.40,562921,1758936,3.12,581747,2018126,3.47,1461176,4851963,3.32,13.89
2018,Aceh,48262,110573,2.29,208198,486742,2.34,237769,440087,1.85,494229,1037402,2.10,2.42
2018,Bali,0,0,0.00,0,0,0.00,0,0,0.00,0,0,0.00,0.00
2018,Bangka Belitung,0,0,0.00,154835,757823,4.89,69679,142495,2.05,224514,900318,4.01,2.10
2018,Banten,9604,32052,3.34,2511,2730,1.09,7251,3624,0.50,19366,38406,1.98,0.09
2018,Bengkulu,829,1683,2.03,102821,310280,3.02,208157,735766,3.53,311807,1047729,3.36,2.44
2018,D.I. Yogyakarta,0,0,0.00,0,0,0.00,0,0,0.00,0,0,0.00,0.00
2018,DKI Jakarta,0,0,0.00,0,0,0.00,0,0,0.00,0,0,0.00,0.00
2018,Gorontalo,0,0,0.00,5091,8661,1.70,4958,1280,0.26,10049,9941,0.99,0.02
2018,Jambi,20014,90515,4.52,360419,1131136,3.14,651712,1469619,2.26,1032145,2691270,2.61,6.28
2018,Jawa Barat,11853,40902,3.45,3519,4764,1.35,304,358,1.18,15676,46024,2.94,0.11
2018,Jawa Tengah,0,0,0.00,0,0,0.00,0,0,0.00,0,0,0.00,0.00
2018,Jawa Timur,0,0,0.00,0,0,0.00,0,0,0.00,0,0,0.00,0.00
2018,Kalimantan Barat,31255,69565,2.23,1361777,2289228,1.68,422101,728096,1.72,1815133,3086889,1.70,7.20
2018,Kalimantan Selatan,7384,13591,1.84,430236,1206099,2.80,104800,244537,2.33,542420,1464227,2.70,3.41
2018,Kalimantan Tengah,0,0,0.00,1473957,6952393,4.72,166926,277701,1.66,1640883,7230094,4.41,16.86
2018,Kalimantan Timur,23303,32872,1.41,1125124,3258518,2.90,286058,495087,1.73,1434485,3786477,2.64,8.83
2018,Kalimantan Utara,0,0,0.00,119464,225641,1.89,35690,79485,2.23,155154,305126,1.97,0.71
2018,Kepulauan Riau,0,0,0.00,6594,27352,4.15,1281,1501,1.17,7875,28853,3.66,0.07
2018,Lampung,11939,41459,3.47,80419,255405,3.18,109254,190339,1.74,201612,487203,2.42,1.14
2018,Maluku,0,0,0.00,10264,23505,2.29,853,85,0.10,11117,23590,2.12,0.06
2018,Maluku Utara,0,0,0.00,0,0,0.00,0,0,0.00,0,0,0.00,0.00
2018,Nusa Tenggara Barat,0,0,0.00,0,0,0.00,0,0,0.00,0,0,0.00,0.00
2018,Nusa Tenggara Timur,0,0,0.00,0,0,0.00,0,0,0.00,0,0,0.00,0.00
2018,Papua,15417,50616,3.28,127562,286378,2.25,14244,8121,0.57,157223,345115,2.20,0.80
2018,Papua Barat,0,0,0.00,33940,76766,2.26,16972,21361,1.26,50912,98127,1.93,0.23
2018,Riau,70004,284513,4.06,902929,3422325,3.79,1733959,4789191,2.76,2706892,8496029,3.14,19.81
2018,Sulawesi Barat,0,0,0.00,58919,200050,3.40,108599,186161,1.71,167518,386211,2.31,0.90
2018,Sulawesi Selatan,17313,13659,0.79,661,719,1.09,30792,91330,2.97,48766,105708,2.17,0.25
2018,Sulawesi Tengah,0,0,0.00,83255,262275,3.15,51601,121342,2.35,134856,383617,2.84,0.89
2018,Sulawesi Tenggara,1314,1004,0.76,66975,102145,1.53,6583,2964,0.45,74872,106113,1.42,0.25
2018,Sulawesi Utara,0,0,0.00,0,0,0.00,0,0,0.00,0,0,0.00,0.00
2018,Sumatera Barat,8393,38947,4.64,151014,640642,4.24,220194,568680,2.58,379601,1248269,3.29,2.91
2018,Sumatera Selatan,31737,87954,2.77,468229,1372103,2.93,637676,2333565,3.66,1137642,3793622,3.33,8.85
2018,Sumatera Utara,306135,1237231,4.04,553993,2136014,3.86,691475,2364026,3.42,1551603,5737271,3.70,13.38
2019,Aceh,37582,89514,2.38,209579,602230,2.87,240365,441603,1.84,487526,1133347,2.32,2.41
2019,Bali,0,0,0.00,0,0,0.00,0,0,0.00,0,0,0.00,0.00
2019,Bangka Belitung,0,0,0.00,154490,668337,4.33,70671,147330,2.08,225161,815667,3.62,1.73
2019,Banten,9997,25542,2.55,2377,2397,1.01,6868,3380,0.49,19242,31319,1.63,0.07
2019,Bengkulu,829,1768,2.13,100665,282066,2.80,209178,748222,3.58,310672,1032056,3.32,2.19
2019,D.I. Yogyakarta,0,0,0.00,0,0,0.00,0,0,0.00,0,0,0.00,0.00
2019,DKI Jakarta,0,0,0.00,0,0,0.00,0,0,0.00,0,0,0.00,0.00
2019,Gorontalo,0,0,0.00,8096,14282,1.76,3653,1893,0.52,11749,16175,1.38,0.03
2019,Jambi,20430,82660,4.05,362662,1332127,3.67,651712,1469619,2.26,1034804,2884406,2.79,6.12
2019,Jawa Barat,10174,25628,2.52,3238,6175,1.91,304,363,1.19,13716,32166,2.35,0.07
2019,Jawa Tengah,0,0,0.00,0,0,0.00,0,0,0.00,0,0,0.00,0.00
2019,Jawa Timur,0,0,0.00,0,0,0.00,0,0,0.00,0,0,0.00,0.00
2019,Kalimantan Barat,28977,42800,1.48,1424141,4219057,2.96,564338,973442,1.72,2017456,5235299,2.60,11.11
2019,Kalimantan Selatan,5453,9693,1.78,359400,1411620,3.93,106411,244084,2.29,471264,1665397,3.53,3.53
2019,Kalimantan Tengah,0,0,0.00,1541996,7162659,4.65,380088,502182,1.32,1922084,7664841,3.99,16.27
2019,Kalimantan Timur,19716,23634,1.20,978589,3458880,3.53,255919,506370,1.98,1254224,3988884,3.18,8.47
2019,Kalimantan Utara,0,0,0.00,118060,229204,1.94,37319,52185,1.40,155379,281389,1.81,0.60
2019,Kepulauan Riau,0,0,0.00,6115,21276,3.48,1281,1512,1.18,7396,22788,3.08,0.05
2019,Lampung,10225,27862,2.72,73170,182998,2.50,109609,203346,1.86,193004,414206,2.15,0.88
2019,Maluku,0,0,0.00,9149,17481,1.91,853,93,0.11,10002,17574,1.76,0.04
2019,Maluku Utara,0,0,0.00,5541,0,0.00,0,0,0.00,5541,0,0.00,0.00
2019,Nusa Tenggara Barat,0,0,0.00,0,0,0.00,0,0,0.00,0,0,0.00,0.00
2019,Nusa Tenggara Timur,0,0,0.00,0,0,0.00,0,0,0.00,0,0,0.00,0.00
2019,Papua,15417,0,0.00,144026,429607,2.98,14244,8121,0.57,173687,437728,2.52,0.93
2019,Papua Barat,0,0,0.00,31303,78549,2.51,19347,24946,1.29,50650,103495,2.04,0.22
2019,Riau,79244,335175,4.23,928418,4388842,4.73,1733959,4789191,2.76,2741621,9513208,3.47,20.19
2019,Sulawesi Barat,0,0,0.00,51304,158768,3.09,104766,189588,1.81,156070,348356,2.23,0.74
2019,Sulawesi Selatan,20264,6109,0.30,3080,2386,0.77,28423,82468,2.90,51767,90963,1.76,0.19
2019,Sulawesi Tengah,0,0,0.00,83455,259880,3.11,54084,121781,2.25,137539,381661,2.77,0.81
2019,Sulawesi Tenggara,6500,1183,0.18,48490,53674,1.11,6731,4603,0.68,61721,59460,0.96,0.13
2019,Sulawesi Utara,0,0,0.00,0,0,0.00,0,0,0.00,0,0,0.00,0.00
2019,Sumatera Barat,8403,37657,4.48,151598,647807,4.27,219661,567930,2.59,379662,1253394,3.30,2.66
2019,Sumatera Selatan,38918,85761,2.20,514807,1663306,3.23,637676,2300088,3.61,1191401,4049155,3.40,8.59
2019,Sumatera Utara,305372,1339381,4.39,628587,2766395,4.40,439315,1541537,3.51,1373274,5647313,4.11,11.98
2020,Aceh,33512,82124,2.45,193673,500738,2.59,242819,444436,1.83,470004,1027298,2.19,2.25
2020,Bali,0,0,0.00,0,0,0.00,0,0,0.00,0,0,0.00,0.00
2020,Bangka Belitung,0,0,0.00,163961,644843,3.93,73210,158478,2.16,237171,803321,3.39,1.76
2020,Banten,9997,18831,1.88,2374,1967,0.83,7185,3235,0.45,19556,24033,1.23,0.05
2020,Bengkulu,830,1292,1.56,103788,294563,2.84,213734,770316,3.60,318352,1066171,3.35,2.33
2020,D.I. Yogyakarta,0,0,0.00,0,0,0.00,0,0,0.00,0,0,0.00,0.00
2020,DKI Jakarta,0,0,0.00,0,0,0.00,0,0,0.00,0,0,0.00,0.00
2020,Gorontalo,0,0,0.00,8894,2319,0.26,4958,4223,0.85,13852,6542,0.47,0.01
2020,Jambi,20407,94710,4.64,291342,1012970,3.48,771997,1532214,1.98,1083746,2639894,2.44,5.77
2020,Jawa Barat,10341,24992,2.42,2799,6856,2.45,286,362,1.27,13426,32210,2.40,0.07
2020,Jawa Tengah,0,0,0.00,0,0,0.00,0,0,0.00,0,0,0.00,0.00
2020,Jawa Timur,0,0,0.00,0,0,0.00,0,0,0.00,0,0,0.00,0.00
2020,Kalimantan Barat,27404,44739,1.63,1392656,4269327,3.07,689830,1428859,2.07,2109890,5742925,2.72,12.56
2020,Kalimantan Selatan,5377,11593,2.16,355223,1047360,2.95,106934,246144,2.30,467534,1305097,2.79,2.85
2020,Kalimantan Tengah,0,0,0.00,1522876,7137959,4.69,357944,934920,2.61,1880820,8072879,4.29,17.65
2020,Kalimantan Timur,16222,28622,1.76,1051144,3153853,3.00,254044,540254,2.13,1321410,3722729,2.82,8.14
2020,Kalimantan Utara,0,0,0.00,173860,466174,2.68,37275,67479,1.81,211135,533653,2.53,1.17
2020,Kepulauan Riau,0,0,0.00,6120,18248,2.98,1273,1505,1.18,7393,19753,2.67,0.04
2020,Lampung,8847,22600,2.55,65628,136480,2.08,109339,197639,1.81,183814,356719,1.94,0.78
2020,Maluku,0,0,0.00,9860,19166,1.94,853,103,0.12,10713,19269,1.80,0.04
2020,Maluku Utara,0,0,0.00,5555,0,0.00,0,0,0.00,5555,0,0.00,0.00
2020,Nusa Tenggara Barat,0,0,0.00,0,0,0.00,0,0,0.00,0,0,0.00,0.00
2020,Nusa Tenggara Timur,0,0,0.00,0,0,0.00,0,0,0.00,0,0,0.00,0.00
2020,Papua,0,0,0.00,153475,697417,4.54,14244,8121,0.57,167719,705538,4.21,1.54
2020,Papua Barat,0,0,0.00,42975,86196,2.01,11429,20579,1.80,54404,106775,1.96,0.23
2020,Riau,75150,359212,4.78,1024819,3772831,3.68,1762163,4731888,2.69,2862132,8863931,3.10,19.38
2020,Sulawesi Barat,0,0,0.00,40304,134199,3.33,104845,196935,1.88,145149,331134,2.28,0.72
2020,Sulawesi Selatan,14347,7170,0.50,2922,3223,1.10,30918,88763,2.87,48187,99156,2.06,0.22
2020,Sulawesi Tengah,0,0,0.00,80977,302134,3.73,53981,129784,2.40,134958,431918,3.20,0.94
2020,Sulawesi Tenggara,6262,1351,0.22,60694,45911,0.76,7524,5030,0.67,74480,52292,0.70,0.11
2020,Sulawesi Utara,0,0,0.00,0,0,0.00,0,0,0.00,0,0,0.00,0.00
2020,Sumatera Barat,8403,36945,4.40,165589,609287,3.68,242342,652421,2.69,416334,1298653,3.12,2.84
2020,Sumatera Selatan,35821,84388,2.36,502888,1446909,2.88,503532,1747797,3.47,1042241,3279094,3.15,7.17
2020,Sumatera Utara,292321,1492043,5.10,552902,2124876,3.84,441400,1583945,3.59,1286623,5200864,4.04,11.37
2021,Aceh,33325,87546,2.63,195153,422072,2.16,247101,456426,1.85,475579,966044,2.03,2.14
2021,Bali,0,0,0.00,0,0,0.00,0,0,0.00,0,0,0.00,0.00
2021,Bangka Belitung,0,0,0.00,155361,686432,4.42,79457,179619,2.26,234818,866051,3.69,1.92
2021,Banten,9997,24879,2.49,2374,2315,0.98,6697,3235,0.48,19068,30429,1.60,0.07
2021,Bengkulu,830,2202,2.65,98706,264120,2.68,273286,728261,2.66,372822,994583,2.67,2.20
2021,D.I. Yogyakarta,0,0,0.00,0,0,0.00,0,0,0.00,0,0,0.00,0.00
2021,DKI Jakarta,0,0,0.00,0,0,0.00,0,0,0.00,0,0,0.00,0.00
2021,Gorontalo,0,0,0.00,14185,9861,0.70,4958,4259,0.86,19143,14120,0.74,0.03
2021,Jambi,20591,84340,4.10,292111,828259,2.84,771998,1519044,1.97,1084700,2431643,2.24,5.39
2021,Jawa Barat,10334,24760,2.40,3788,3884,1.03,291,372,1.28,14413,29016,2.01,0.06
2021,Jawa Tengah,0,0,0.00,0,0,0.00,0,0,0.00,0,0,0.00,0.00
2021,Jawa Timur,0,0,0.00,0,0,0.00,0,0,0.00,0,0,0.00,0.00
2021,Kalimantan Barat,28021,48177,1.72,1453126,4242266,2.92,534767,1041895,1.95,2015914,5332338,2.65,11.82
2021,Kalimantan Selatan,5377,14912,2.77,355897,920431,2.59,107582,251938,2.34,468856,1187281,2.53,2.63
2021,Kalimantan Tengah,0,0,0.00,1446281,6298022,4.35,376612,982721,2.61,1822893,7280743,3.99,16.14
2021,Kalimantan Timur,16027,26687,1.67,1043425,3176312,3.04,252643,547608,2.17,1312095,3750607,2.86,8.31
2021,Kalimantan Utara,0,0,0.00,199641,517138,2.59,37494,73521,1.96,237135,590659,2.49,1.31
2021,Kepulauan Riau,0,0,0.00,6073,14101,2.32,1283,1722,1.34,7356,15823,2.15,0.04
2021,Lampung,7601,33060,4.35,79855,218168,2.73,109175,198771,1.82,196631,449999,2.29,1.00
2021,Maluku,0,0,0.00,9342,20800,2.23,853,118,0.14,10195,20918,2.05,0.05
2021,Maluku Utara,0,0,0.00,5555,0,0.00,0,0,0.00,5555,0,0.00,0.00
2021,Nusa Tenggara Barat,0,0,0.00,0,0,0.00,0,0,0.00,0,0,0.00,0.00
2021,Nusa Tenggara Timur,0,0,0.00,0,0,0.00,0,0,0.00,0,0,0.00,0.00
2021,Papua,0,0,0.00,153475,707345,4.61,20794,20969,1.01,174269,728314,4.18,1.61
2021,Papua Barat,0,0,0.00,45929,97049,2.11,22135,21799,0.98,68064,118848,1.75,0.26
2021,Riau,75192,393782,5.24,1020818,3750433,3.67,1762163,4817725,2.73,2858173,8961940,3.14,19.86
2021,Sulawesi Barat,0,0,0.00,40269,136361,3.39,108124,242733,2.24,148393,379094,2.55,0.84
2021,Sulawesi Selatan,11089,13792,1.24,1184,3804,3.21,34677,96003,2.77,46950,113599,2.42,0.25
2021,Sulawesi Tengah,0,0,0.00,88830,311352,3.51,54766,133965,2.45,143596,445317,3.10,0.99
2021,Sulawesi Tenggara,872,1282,1.47,61974,55647,0.90,7945,3938,0.50,70791,60867,0.86,0.13
2021,Sulawesi Utara,0,0,0.00,0,0,0.00,0,0,0.00,0,0,0.00,0.00
2021,Sumatera Barat,8403,41207,4.90,189806,687000,3.62,250631,668605,2.67,448840,1396812,3.11,3.10
2021,Sumatera Selatan,33865,101308,2.99,561246,1721216,3.07,522247,1869177,3.58,1117358,3691701,3.30,8.18
2021,Sumatera Utara,288809,1358200,4.70,517204,2267118,4.38,442073,1639416,3.71,1248086,5264734,4.22,11.67
2022,Aceh,31450,77549,2.47,184491,442373,2.40,258991,459727,1.78,474933,979649,2.06,2.09
2022,Bali,0,0,0.00,0,0,0.00,0,0,0.00,0,0,0.00,0.00
2022,Bangka Belitung,0,0,0.00,159501,656973,4.12,90651,209722,2.31,250152,866695,3.46,1.85
2022,Banten,9998,24070,2.41,2359,1892,0.80,6678,3225,0.48,19035,29187,1.53,0.06
2022,Bengkulu,830,2923,3.52,97931,305045,3.11,319346,1069003,3.35,418107,1376971,3.29,2.94
2022,D.I. Yogyakarta,0,0,0.00,0,0,0.00,0,0,0.00,0,0,0.00,0.00
2022,DKI Jakarta,0,0,0.00,0,0,0.00,0,0,0.00,0,0,0.00,0.00
2022,Gorontalo,0,0,0.00,14186,12187,0.86,4923,4256,0.86,19109,16443,0.86,0.04
2022,Jambi,19567,82709,4.23,280422,912649,3.25,771997,1519348,1.97,1071987,2514706,2.35,5.37
2022,Jawa Barat,11255,28082,2.50,4248,4857,1.14,263,380,1.44,15767,33320,2.11,0.07
2022,Jawa Tengah,0,0,0.00,0,0,0.00,0,0,0.00,0,0,0.00,0.00
2022,Jawa Timur,0,0,0.00,0,0,0.00,0,0,0.00,0,0,0.00,0.00
2022,Kalimantan Barat,27213,47197,1.73,1448396,3977463,2.75,597067,1109708,1.86,2072675,5134368,2.48,10.97
2022,Kalimantan Selatan,5377,14488,2.69,400961,1073591,2.68,109778,254884,2.32,516117,1342963,2.60,2.87
2022,Kalimantan Tengah,0,0,0.00,1808538,7332030,4.05,397298,1031733,2.60,2205836,8363763,3.79,17.86
2022,Kalimantan Timur,15110,26444,1.75,1157752,3248263,2.81,197730,826156,4.18,1370592,4100863,2.99,8.76
2022,Kalimantan Utara,0,0,0.00,198052,499997,2.52,38938,74411,1.91,236990,574408,2.42,1.23
2022,Kepulauan Riau,0,0,0.00,6354,17273,2.72,1326,1409,1.06,7680,18682,2.43,0.04
2022,Lampung,7601,32779,4.31,80255,239881,2.99,110726,203104,1.83,198582,475764,2.40,1.02
2022,Maluku,0,0,0.00,9342,18966,2.03,853,124,0.15,10195,19090,1.87,0.04
2022,Maluku Utara,0,0,0.00,5555,17979,3.24,0,0,0.00,5555,17979,3.24,0.04
2022,Nusa Tenggara Barat,0,0,0.00,0,0,0.00,0,0,0.00,0,0,0.00,0.00
2022,Nusa Tenggara Timur,0,0,0.00,0,0,0.00,0,0,0.00,0,0,0.00,0.00
2022,Papua,0,0,0.00,124419,602360,4.84,21138,23192,1.10,145557,625552,4.30,1.34
2022,Papua Barat,0,0,0.00,45892,72464,1.58,27387,22396,0.82,73279,94860,1.29,0.20
2022,Riau,75158,393686,5.24,1030781,3527238,3.42,1762164,4818207,2.73,2868103,8739131,3.05,18.67
2022,Sulawesi Barat,0,0,0.00,39031,123985,3.18,108443,263567,2.43,147474,387552,2.63,0.83
2022,Sulawesi Selatan,8683,18664,2.15,1362,3875,2.85,40187,101073,2.52,50232,123612,2.46,0.26
2022,Sulawesi Tengah,0,0,0.00,83080,297379,3.58,59137,139055,2.35,142217,436434,3.07,0.93
2022,Sulawesi Tenggara,923,1356,1.47,61162,55773,0.91,11795,8467,0.72,73880,65596,0.89,0.14
2022,Sulawesi Utara,0,0,0.00,0,0,0.00,0,0,0.00,0,0,0.00,0.00
2022,Sumatera Barat,7828,30762,3.93,180403,705324,3.91,251672,675536,2.68,439904,1411623,3.21,3.02
2022,Sumatera Selatan,25097,88375,3.52,574335,2152234,3.75,534756,1778342,3.33,1134188,4018951,3.54,8.58
2022,Sumatera Utara,302220,1426891,4.72,578024,1911039,3.31,490163,1713582,3.50,1370407,5051511,3.69,10.79
2023,Aceh,31450,77549,2.47,184491,442373,2.40,258991,459727,1.78,474933,979649,2.06,2.09
2023,Bali,0,0,0.00,0,0,0.00,0,0,0.00,0,0,0.00,0.00
2023,Bangka Belitung,0,0,0.00,159501,656973,4.12,90651,209722,2.31,250152,866695,3.46,1.85
2023,Banten,9998,24070,2.41,2359,1892,0.80,6678,3225,0.48,19035,29187,1.53,0.06
2023,Bengkulu,830,2923,3.52,97931,305045,3.11,319346,1069003,3.35,418107,1376971,3.29,2.94
2023,D.I. Yogyakarta,0,0,0.00,0,0,0.00,0,0,0.00,0,0,0.00,0.00
2023,DKI Jakarta,0,0,0.00,0,0,0.00,0,0,0.00,0,0,0.00,0.00
2023,Gorontalo,0,0,0.00,14186,12187,0.86,4923,4256,0.86,19109,16443,0.86,0.04
2023,Jambi,19567,82709,4.23,280422,912649,3.25,771997,1519348,1.97,1071987,2514706,2.35,5.37
2023,Jawa Barat,11255,28082,2.50,4248,4857,1.14,263,380,1.44,15767,33320,2.11,0.07
2023,Jawa Tengah,0,0,0.00,0,0,0.00,0,0,0.00,0,0,0.00,0.00
2023,Jawa Timur,0,0,0.00,0,0,0.00,0,0,0.00,0,0,0.00,0.00
2023,Kalimantan Barat,27213,47197,1.73,1448396,3977463,2.75,597067,1109708,1.86,2072675,5134368,2.48,10.97
2023,Kalimantan Selatan,5377,14488,2.69,400961,1073591,2.68,109778,254884,2.32,516117,1342963,2.60,2.87
2023,Kalimantan Tengah,0,0,0.00,1808538,7332030,4.05,397298,1031733,2.60,2205836,8363763,3.79,17.86
2023,Kalimantan Timur,15110,26444,1.75,1157752,3248263,2.81,197730,826156,4.18,1370592,4100863,2.99,8.76
2023,Kalimantan Utara,0,0,0.00,198052,499997,2.52,38938,74411,1.91,236990,574408,2.42,1.23
2023,Kepulauan Riau,0,0,0.00,6354,17273,2.72,1326,1409,1.06,7680,18682,2.43,0.04
2023,Lampung,7601,32779,4.31,80255,239881,2.99,110726,203104,1.83,198582,475764,2.40,1.02
2023,Maluku,0,0,0.00,9342,18966,2.03,853,124,0.15,10195,19090,1.87,0.04
2023,Maluku Utara,0,0,0.00,5555,17979,3.24,0,0,0.00,5555,17979,3.24,0.04
2023,Nusa Tenggara Barat,0,0,0.00,0,0,0.00,0,0,0.00,0,0,0.00,0.00
2023,Nusa Tenggara Timur,0,0,0.00,0,0,0.00,0,0,0.00,0,0,0.00,0.00
2023,Papua,0,0,0.00,124419,602360,4.84,21138,23192,1.10,145557,625552,4.30,1.34
2023,Papua Barat,0,0,0.00,45892,72464,1.58,27387,22396,0.82,73279,94860,1.29,0.20
2023,Riau,75158,393686,5.24,1030781,3527238,3.42,1762164,4818207,2.73,2868103,8739131,3.05,18.67
2023,Sulawesi Barat,0,0,0.00,39031,123985,3.18,108443,263567,2.43,147474,387552,2.63,0.83
2023,Sulawesi Selatan,8683,18664,2.15,1362,3875,2.85,40187,101073,2.52,50232,123612,2.46,0.26
2023,Sulawesi Tengah,0,0,0.00,83080,297379,3.58,59137,139055,2.35,142217,436434,3.07,0.93
2023,Sulawesi Tenggara,923,1356,1.47,61162,55773,0.91,11795,8467,0.72,73880,65596,0.89,0.14
2023,Sulawesi Utara,0,0,0.00,0,0,0.00,0,0,0.00,0,0,0.00,0.00
2023,Sumatera Barat,7828,30762,3.93,180403,705324,3.91,251672,675536,2.68,439904,1411623,3.21,3.02
2023,Sumatera Selatan,25097,88375,3.52,574335,2152234,3.75,534756,1778342,3.33,1134188,4018951,3.54,8.58
2023,Sumatera Utara,302220,1426891,4.72,578024,1911039,3.31,490163,1713582,3.50,1370407,5051511,3.69,10.79
