Tahun,Provinsi,Luas_Area_Negara,Produksi_Negara,Luas_Area_Swasta,Produksi_Swasta,Luas_Area_Rakyat,Produksi_Rakyat,Total_Area,Total_Produksi
2010,Aceh,38775,49870,135664,344168,150053,222472,324492,616510
2010,Sumatera Utara,295068,1013619,447393,1735605,397136,1150399,1139597,3899623
2010,Sumatera Barat,9084,23085,194306,541215,173767,421640,377157,985940
2010,Riau,75841,215056,648670,2386453,1055543,2894459,1780054,5495968
2010,Kepulauan Riau,0,0,5844,11818,2644,2233,8488,14051
2010,Jambi,23609,80459,214028,654135,306049,909492,543686,1644086
2010,Sumatera Selatan,45574,80804,495096,1465357,321606,996661,862276,2542822
2010,Kepulauan Bangka Belitung,0,0,133147,440517,42656,49663,175803,490180
2010,Bengkulu,4386,13624,88061,320651,205324,461718,297771,795993
2010,Lampung,11902,36322,49281,194410,80217,174991,141400,405723
2010,DKI Jakarta,0,0,0,0,0,0,0,0
2010,Jawa Barat,4445,12022,4605,4352,5,0,9055,16374
2010,Banten,9312,16614,47,68,6867,9287,16226,25969
2010,Jawa Tengah,0,0,0,0,0,0,0,0
2010,Daerah Istimewa Yogyakarta,0,0,0,0,0,0,0,0
2010,Jawa Timur,0,0,0,0,0,0,0,0
2010,Bali,0,0,0,0,0,0,0,0
2010,Nusa Tenggara Barat,0,0,0,0,0,0,0,0
2010,Nusa Tenggara Timur,0,0,0,0,0,0,0,0
2010,Kalimantan Barat,60206,189494,378164,817176,228440,420206,666810,1426876
2010,Kalimantan Tengah,0,0,814780,1506411,134511,218257,949291,1724668
2010,Kalimantan Selatan,10613,18574,361046,930395,56060,100250,427719,1049219
2010,Kalimantan Timur,41869,131389,384740,397157,115785,171415,542394,699961
2010,Sulawesi Utara,0,0,0,0,0,0,0,0
2010,Gorontalo,0,0,0,0,0,0,0,0
2010,Sulawesi Tengah,3669,1990,43478,100187,17446,43662,64593,145839
2010,Sulawesi Selatan,5484,4616,2475,4844,10794,25458,18753,34918
2010,Sulawesi Barat,0,0,41430,161579,53420,102772,94850,264351
2010,Sulawesi Tenggara,3769,2656,31563,12531,2499,0,37831,15187
2010,Maluku,0,0,0,0,0,0,0,0
2010,Maluku Utara,0,0,0,0,0,0,0,0
2010,Papua,12079,24175,17595,61910,15521,50286,45195,136371
2010,Papua Barat,2807,7291,11665,25549,10915,33388,25387,66228
2011,Aceh,42352,79794,134520,341983,183371,196570,360243,618347
2011,Sumatera Utara,300576,1030666,457605,1689229,405801,1194279,1163982,3914174
2011,Sumatera Barat,9367,34156,184792,509965,176495,383280,370654,927401
2011,Riau,78979,244393,634551,2330298,1205498,3174176,1919028,5748867
2011,Kepulauan Riau,0,0,5846,13975,2868,2919,8714,16894
2011,Jambi,24273,85201,262920,805916,359791,882031,646984,1773148
2011,Sumatera Selatan,48915,146442,458692,1296388,366197,1007385,873804,2450215
2011,Kepulauan Bangka Belitung,0,0,136763,432023,49352,72532,186115,504555
2011,Bengkulu,4386,15118,111301,329768,192450,464626,308137,809512
2011,Lampung,17877,56446,47825,190253,57652,167820,123354,414519
2011,DKI Jakarta,0,0,0,0,0,0,0,0
2011,Jawa Barat,6811,15375,7135,8317,179,29,14125,23721
2011,Banten,7913,13103,53117,14844,6878,8611,21831,0
2011,Jawa Tengah,0,0,0,0,0,0,0,0
2011,Daerah Istimewa Yogyakarta,0,0,0,0,0,0,0,0
2011,Jawa Timur,0,0,0,0,0,0,0,0
2011,Bali,0,0,0,0,0,0,0,0
2011,Nusa Tenggara Barat,0,0,0,0,0,0,0,0
2011,Nusa Tenggara Timur,0,0,0,0,0,0,0,0
2011,Kalimantan Barat,60206,200562,385081,871552,255235,436210,700522,1508324
2011,Kalimantan Tengah,0,0,879804,2255236,128548,244018,1008352,2499254
2011,Kalimantan Selatan,13768,27065,351224,906211,59818,113325,424810,1046601
2011,Kalimantan Timur,43190,146972,455836,748066,158235,168793,657261,1063831
2011,Sulawesi Utara,0,0,0,0,0,0,0,0
2011,Gorontalo,0,0,0,0,0,0,0,0
2011,Sulawesi Tengah,3755,3950,40102,85422,49977,96798,93834,186170
2011,Sulawesi Selatan,10009,19403,2475,5881,15391,23909,27875,49193
2011,Sulawesi Barat,0,0,41371,135052,53854,111013,95225,246065
2011,Sulawesi Tenggara,4802,3799,35852,12323,4157,69,44811,16191
2011,Maluku,0,0,0,0,0,0,0,0
2011,Maluku Utara,0,0,0,0,0,0,0,0
2011,Papua,12079,24410,17595,62508,9818,16135,39492,103053
2011,Papua Barat,2807,7363,6408,13347,10915,33397,20130,54107
2012,Aceh,39249,63726,146600,354548,195639,236525,381488,654799
2012,Sumatera Utara,321538,1031241,484829,1759045,416542,1185139,1222909,3975425
2012,Sumatera Barat,9357,35498,169154,510329,177389,384288,355900,930115
2012,Riau,77740,225124,764154,2674241,1297294,3485172,2139824,6384537
2012,Kepulauan Riau,0,0,17719,36281,1265923,0,18984,37204
2012,Jambi,26179,78297,242681,744595,427950,895399,696810,1718291
2012,Sumatera Selatan,49171,135262,476552,1343578,372439,1014059,898162,2492899
2012,Kepulauan Bangka Belitung,0,0,129820,423790,60567,80811,190387,504601
2012,Bengkulu,4386,15591,91981,322510,193839,463921,290206,802022
2012,Lampung,18003,60610,56440,201248,86119,171964,160562,433822
2012,DKI Jakarta,0,0,0,0,0,0,0,0
2012,Jawa Barat,17672,3189,4943,10883,179105,7515,220720,22720
2012,Banten,11396,16168,848,1022,7629,10483,19873,27673
2012,Jawa Tengah,0,0,0,0,0,0,0,0
2012,Daerah Istimewa Yogyakarta,0,0,0,0,0,0,0,0
2012,Jawa Timur,0,0,0,0,0,0,0,0
2012,Bali,0,0,0,0,0,0,0,0
2012,Nusa Tenggara Barat,0,0,0,0,0,0,0,0
2012,Nusa Tenggara Timur,0,0,0,0,0,0,0,0
2012,Kalimantan Barat,66295,193446,538329,1197562,293306,439851,897930,1830859
2012,Kalimantan Tengah,700382,967110,2707721,1126506,158696,250178,2958281,0
2012,Kalimantan Selatan,13896,43069,416134,1065687,67564,124328,497694,1233084
2012,Kalimantan Timur,57439,158929,515227,955469,216720,183744,789386,1298142
2012,Sulawesi Utara,0,0,0,0,0,0,0,0
2012,Gorontalo,0,0,0,0,0,0,0,0
2012,Sulawesi Tengah,6189,6163,74026,123132,62377,104784,142592,234079
2012,Sulawesi Selatan,6321,13853,2530,5929,23413,27400,32264,47182
2012,Sulawesi Barat,0,0,47085,157669,47997,96059,95082,253728
2012,Sulawesi Tenggara,3817,5614,51215,23168,5538,82,60570,28864
2012,Maluku,0,0,0,0,0,0,15614,0
2012,Maluku Utara,0,0,0,0,0,0,0,0
2012,Papua,12079,24999,24397,60357,14244,8120,50720,93476
2012,Papua Barat,2807,7363,35385,11959,10915,34394,38976,53716
2013,Aceh,39194,67304,159204,404328,198246,345893,396644,817525
2013,Sumatera Utara,315229,1058264,631466,2305629,393653,1185309,1340348,4549202
2013,Sumatera Barat,8179,27998,168579,567857,187450,426477,364208,1022332
2013,Riau,83670,249321,761975,2705481,1348076,3692195,2193721,6646997
2013,Jambi,26181,84290,224487,702036,407261,963291,657929,1749617
2013,Sumatera Selatan,53708,135563,476035,1417993,530830,1137064,1060573,2690620
2013,Bengkulu,4386,16620,91930,304214,194317,466216,290633,787050
2013,Lampung,18512,64059,52963,187878,86570,172118,158045,424055
2013,Kepulauan Bangka Belitung,0,0,141976,413329,59115,94796,201091,508125
2013,Kepulauan Riau,0,0,17761,35640,1275,1134,19036,36774
2013,DKI Jakarta,0,0,0,0,0,0,0,0
2013,Jawa Barat,10226,27644,3139,4846,246,153,13611,32643
2013,Jawa Tengah,0,0,0,0,0,0,0,0
2013,Daerah Istimewa Yogyakarta,0,0,0,0,0,0,0,0
2013,Jawa Timur,0,0,0,0,0,0,0,0
2013,Banten,9843,15920,2513,1023,7745,10133,20101,27076
2013,Bali,0,0,0,0,0,0,0,0
2013,Nusa Tenggara Barat,0,0,0,0,0,0,0,0
2013,Nusa Tenggara Timur,0,0,0,0,0,0,0,0
2013,Kalimantan Barat,57134,129706,542763,1187230,314938,477530,914835,1794466
2013,Kalimantan Tengah,700,382,967935,2896793,131057,229963,1099692,3127138
2013,Kalimantan Selatan,16886,51255,389404,1054397,69449,138388,475739,1244040
2013,Kalimantan Timur,50529,147762,462204,906223,201478,295790,714211,1349775
2013,Kalimantan Utara,7220,18033,66038,110597,28788,36099,102046,164729
2013,Sulawesi Utara,0,0,0,0,0,0,0,0
2013,Sulawesi Tengah,1133,1521,72064,121478,67685,121075,140882,244074
2013,Sulawesi Selatan,6334,10999,2518,5918,27410,32901,36262,49818
2013,Sulawesi Tenggara,3817,5648,35476,65211,6125,419,45418,71278
2013,Gorontalo,0,0,0,0,0,0,0,0
2013,Sulawesi Barat,0,0,45471,156208,50847,126530,96318,282738
2013,Maluku,0,0,15614,0,18367,14740,33981,14740
2013,Maluku Utara,0,0,0,0,0,0,0,0
2013,Papua Barat,2807,7363,25254,11959,10915,34394,38976,53716
2013,Papua,12079,24999,24397,60357,14244,8120,50720,93476
2014,Aceh,36547,65463,168776,504326,214850,375828,420173,945617
2014,Sumatera Utara,315009,1076759,664696,2606577,416568,1186866,1396273,4870202
2014,Sumatera Barat,9614,38080,174707,435792,192153,450941,376474,924813
2014,Riau,85586,264791,847331,3021559,1357819,3706891,2290736,6993241
2014,Jambi,23622,84011,233310,711919,436035,977805,692967,1773735
2014,Sumatera Selatan,47673,134694,466424,1518981,408905,1138141,923002,2791816
2014,Bengkulu,4386,13540,99051,319222,190363,466056,293800,798818
2014,Lampung,17119,63960,53331,208068,114464,183876,184914,455904
2014,Kepulauan Bangka Belitung,0,0,144702,416005,61505,100592,206207,516597
2014,Kepulauan Riau,0,0,17753,43892,1248,1109,19001,45001
2014,DKI Jakarta,0,0,0,0,0,0,0,0
2014,Jawa Barat,27909,3139,4944,13624,259168,10226,292021,33021
2014,Jawa Tengah,0,0,0,0,0,0,0,0
2014,Daerah Istimewa Yogyakarta,0,0,0,0,0,0,0,0
2014,Jawa Timur,0,0,0,0,0,0,0,0
2014,Banten,9275,12869,2513,1030,7936,10401,19724,24300
2014,Bali,0,0,0,0,0,0,0,0
2014,Nusa Tenggara Barat,0,0,0,0,0,0,0,0
2014,Nusa Tenggara Timur,0,0,0,0,0,0,0,0
2014,Kalimantan Barat,56205,125090,540336,1347432,339866,492993,936407,1965515
2014,Kalimantan Tengah,700382,974324,2929175,115933,140909,228682,3770466,1318939
2014,Kalimantan Selatan,16886,54345,416318,1249471,79693,156750,512897,1460566
2014,Kalimantan Timur,57749,189813,438696,901791,236952,315733,733397,1407337
2014,Kalimantan Utara,0,0,128470,210324,24845,45379,153315,255703
2014,Sulawesi Utara,0,0,0,0,0,0,0,0
2014,Sulawesi Tengah,1133,1505,77093,125667,69686,127191,147912,254363
2014,Sulawesi Selatan,18589,38149,2518,5825,29807,34919,50914,78893
2014,Sulawesi Tenggara,3817,5614,35476,65231,5913,128,45206,70973
2014,Gorontalo,0,0,0,0,4306,0,4306,0
2014,Sulawesi Barat,0,0,45471,125947,60894,159575,106365,285522
2014,Maluku,0,0,9197,0,1100,0,10297,0
2014,Maluku Utara,0,0,0,0,0,0,0,0
2014,Papua Barat,2807,7363,35385,29923,11405,36705,49597,73991
2014,Papua,12079,24999,24397,60357,14884,8666,51360,94022
2015,Aceh,41770,65041,166354,446097,220092,385175,428216,896313
2015,Sumatera Utara,324043,1222054,684977,2773793,418002,1197288,1427022,5193135
2015,Sumatera Barat,9261,26424,180036,440401,194089,459793,383386,926618
2015,Riau,91854,312012,954519,4135981,1354503,3611853,2400876,8059846
2015,Jambi,23758,84713,240566,711919,450075,998243,714399,1794875
2015,Sumatera Selatan,49051,132370,471928,1520758,431104,1168810,952083,2821938
2015,Bengkulu,4677,16684,93090,263883,191147,466954,288914,747521
2015,Lampung,15347,42222,81107,217028,111414,175064,207868,434314
2015,Kepulauan Bangka Belitung,0,0,147871,416005,63212,107084,211083,523089
2015,Kepulauan Riau,0,0,17753,43892,1260,1170,19013,45062
2015,DKI Jakarta,0,0,0,0,0,0,0,0
2015,Jawa Barat,9636,25196,4186,9602,261224,0,275046,34798
2015,Jawa Tengah,0,0,0,0,0,0,0,0
2015,Daerah Istimewa Yogyakarta,0,0,0,0,0,0,0,0
2015,Jawa Timur,0,0,0,0,0,0,0,0
2015,Banten,9604,17274,2149,1612,7531,6629,19284,25515
2015,Bali,0,0,0,0,0,0,0,0
2015,Nusa Tenggara Barat,0,0,0,0,0,0,0,0
2015,Nusa Tenggara Timur,0,0,0,0,0,0,0,0
2015,Kalimantan Barat,51428,116106,710472,1348260,382285,703770,1144185,2168136
2015,Kalimantan Tengah,0,0,995728,3341513,146277,231470,1142005,3572983
2015,Kalimantan Selatan,16969,51925,323367,809261,80732,188277,421068,1049463
2015,Kalimantan Timur,57373,156239,536260,1065939,255976,364446,849609,1586624
2015,Kalimantan Utara,0,0,132137,223211,25289,44876,157426,268087
2015,Sulawesi Utara,0,0,0,0,0,0,0,0
2015,Sulawesi Tengah,1133,1783,76343,133182,73646,140385,151122,275350
2015,Sulawesi Selatan,19098,38803,2533,5850,30073,66895,51704,111548
2015,Sulawesi Tenggara,3817,5614,35476,66589,6466,211,45759,72414
2015,Gorontalo,0,0,6832,70,4306,10,11138,80
2015,Sulawesi Barat,0,0,46994,130266,61160,164351,108154,294617
2015,Maluku,0,0,9197,0,853,25,10050,25
2015,Maluku Utara,0,0,0,0,0,0,0,0
2015,Papua Barat,2882,7363,36712,29923,11404,36705,51000,73991
2015,Papua,12193,24999,24397,60357,14243,8120,50833,93476
2016,Aceh,28419,53264,113430,270706,228230,408744,370079,732714
2016,Sumatera Utara,363878,1118555,560836,1633530,417809,1231646,1342523,3983731
2016,Sumatera Barat,15079,91234,154461,592152,208900,499672,378440,1183058
2016,Riau,59792,197786,569818,3342790,1383341,3884532,2012951,7425108
2016,Jambi,24062,64765,171865,359983,467573,1010393,663500,1435141
2016,Sumatera Selatan,32893,73086,401129,1368057,467660,1488309,901682,2929452
2016,Bengkulu,1212,4841,91588,272571,192296,472770,285096,750182
2016,Lampung,13667,45759,73250,203877,112553,176231,199470,425867
2016,Kepulauan Bangka Belitung,0,0,168066,607038,64148,119585,232214,726623
2016,Kepulauan Riau,0,0,6094,20188,1315,1246,7409,21434
2016,DKI Jakarta,0,0,0,0,0,0,0,0
2016,Jawa Barat,13436,24865,3614,7712,244,248,17294,32825
2016,Jawa Tengah,0,0,0,0,0,0,0,0
2016,Daerah Istimewa Yogyakarta,0,0,0,0,0,0,0,0
2016,Jawa Timur,0,0,0,0,0,0,0,0
2016,Banten,9605,21792,2411,2304,7432,3373,19448,27469
2016,Bali,0,0,0,0,0,0,0,0
2016,Nusa Tenggara Barat,0,0,0,0,0,0,0,0
2016,Nusa Tenggara Timur,0,0,0,0,0,0,0,0
2016,Kalimantan Barat,25733,40153,831292,1403588,407410,748850,1264435,2192591
2016,Kalimantan Tengah,0,0,1138198,4020026,149930,240067,1288128,4260093
2016,Kalimantan Selatan,11449,47187,454873,1500628,86822,202574,553144,1750389
2016,Kalimantan Timur,54157,47224,690123,1839863,277034,471305,1021314,2358392
2016,Kalimantan Utara,0,0,22767,90140,27580,77528,50347,167668
2016,Sulawesi Utara,0,0,0,0,0,0,0,0
2016,Sulawesi Tengah,0,0,83381,152640,74806,164141,158187,316781
2016,Sulawesi Selatan,24378,16454,591,728,30738,87875,55707,105057
2016,Sulawesi Tenggara,1313,1152,60766,62906,6950,1347,69029,65405
2016,Gorontalo,0,0,1035,0,4957,10,5992,10
2016,Sulawesi Barat,0,0,55221,194167,95088,239939,150309,434106
2016,Maluku,0,0,9201,7271,853,44,10054,7315
2016,Maluku Utara,0,0,0,0,0,0,0,0
2016,Papua Barat,14747,38291,33528,60688,11405,36951,59680,135930
2016,Papua,13608,1591,57181,10892,14244,8162,85033,20645
2017,Aceh,29343,68273,128716,292150,282234,506838,440293,867261
2017,Sumatera Utara,316508,1074901,562921,1758936,581747,2018126,1461176,4851963
2017,Sumatera Barat,8405,37298,152584,616577,236536,555295,397525,1209170
2017,Riau,67876,238517,612864,3434639,1529012,3918291,2209752,7591447
2017,Jambi,24041,76693,167839,440084,576142,1266256,768022,1783033
2017,Sumatera Selatan,31711,80822,434189,1397299,566876,1508831,1032776,2986952
2017,Bengkulu,1283,3047,101957,287073,236513,559538,339753,849658
2017,Lampung,13601,38163,87057,201939,141685,215897,242343,455999
2017,Kepulauan Bangka Belitung,0,0,170186,641580,71402,114484,241588,756064
2017,Kepulauan Riau,0,0,6094,23461,3760,1634,9854,25095
2017,DKI Jakarta,0,0,0,0,0,0,0,0
2017,Jawa Barat,11843,33976,3717,8179,1094,261,16654,42416
2017,Jawa Tengah,0,0,0,0,0,0,0,0
2017,Daerah Istimewa Yogyakarta,0,0,0,0,0,0,0,0
2017,Jawa Timur,0,0,0,0,0,0,0,0
2017,Banten,9605,24317,2450,3392,7761,4356,19816,32065
2017,Bali,0,0,0,0,0,0,0,0
2017,Nusa Tenggara Barat,0,0,0,0,0,0,0,0
2017,Nusa Tenggara Timur,0,0,0,0,0,0,0,0
2017,Kalimantan Barat,27407,79763,1032216,1677861,416071,771353,1475694,2528977
2017,Kalimantan Tengah,0,0,1167292,4957769,171697,252066,1338989,5209835
2017,Kalimantan Selatan,8872,15864,351168,1238444,147956,305746,507996,1560054
2017,Kalimantan Timur,36230,47711,691829,1985569,350745,505425,1078804,2538705
2017,Kalimantan Utara,0,0,24377,92003,43082,113226,67459,205229
2017,Sulawesi Utara,0,0,0,0,0,0,0,0
2017,Sulawesi Tengah,0,0,83608,259546,90854,157585,174462,417131
2017,Sulawesi Selatan,24378,6721,4269,5938,36380,100409,65027,113068
2017,Sulawesi Tenggara,1314,1598,61344,82656,11127,2601,73785,86855
2017,Gorontalo,0,0,1669,1454,5157,34,6826,1488
2017,Sulawesi Barat,0,0,55222,272483,107136,254791,162358,527274
2017,Maluku,0,0,11460,10122,2280,297,13740,10419
2017,Maluku Utara,0,0,0,0,0,0,0,0
2017,Papua Barat,14077,2243,32658,81362,13600,47642,60335,131247
2017,Papua,11649,31356,99380,117321,67045,10207,178074,158884
2018,Aceh,48262,110573,208198,486742,237769,440087,494229,1037402
2018,Sumatera Utara,306135,1237231,553993,2136014,691475,2364026,1551603,5737271
2018,Sumatera Barat,8393,38947,151014,640642,220194,568680,379601,1248269
2018,Riau,70004,284513,902929,3422325,1733959,4789191,2706892,8496029
2018,Jambi,20014,90515,360419,1131136,651712,1469619,1032145,2691270
2018,Sumatera Selatan,31737,87954,468229,1372103,637676,2333565,1137642,3793622
2018,Bengkulu,829,1683,102821,310280,208157,735766,311807,1047729
2018,Lampung,11939,41459,80419,255405,109254,190339,201612,487203
2018,Kepulauan Bangka Belitung,0,0,154835,757823,69679,142495,224514,900318
2018,Kepulauan Riau,0,0,6594,27352,1281,1501,7875,28853
2018,DKI Jakarta,0,0,0,0,0,0,0,0
2018,Jawa Barat,11853,40902,3519,4764,304,358,15676,46024
2018,Jawa Tengah,0,0,0,0,0,0,0,0
2018,Daerah Istimewa Yogyakarta,0,0,0,0,0,0,0,0
2018,Jawa Timur,0,0,0,0,0,0,0,0
2018,Banten,9604,32052,2511,2730,7251,3624,19366,38406
2018,Bali,0,0,0,0,0,0,0,0
2018,Nusa Tenggara Barat,0,0,0,0,0,0,0,0
2018,Nusa Tenggara Timur,0,0,0,0,0,0,0,0
2018,Kalimantan Barat,31255,69565,1361777,2289228,422101,728096,1815133,3086889
2018,Kalimantan Tengah,0,0,1473957,6952393,166926,277701,1640883,7230094
2018,Kalimantan Selatan,7384,13591,430236,1206099,104800,244537,542420,1464227
2018,Kalimantan Timur,23303,32872,1125124,3258518,286058,495087,1434485,3786477
2018,Kalimantan Utara,0,0,119464,225641,35690,79485,155154,305126
2018,Sulawesi Utara,0,0,0,0,0,0,0,0
2018,Sulawesi Tengah,0,0,83255,262275,51601,121342,134856,383617
2018,Sulawesi Selatan,17313,13659,661,719,30792,91330,48766,105708
2018,Sulawesi Tenggara,1314,1004,66975,102145,6583,2964,74872,106113
2018,Gorontalo,0,0,5091,8661,4958,1280,10049,9941
2018,Sulawesi Barat,0,0,58919,200050,108599,186161,167518,386211
2018,Maluku,0,0,10264,23505,853,85,11117,23590
2018,Maluku Utara,0,0,0,0,0,0,0,0
2018,Papua Barat,0,0,33940,76766,16972,21361,50912,98127
2018,Papua,15417,50616,127562,286378,14244,8121,157223,345115
2019,Aceh,37582,89514,209579,602230,240365,441603,487526,1133347
2019,Sumatera Utara,305372,1339381,628587,2766395,439315,1541537,1373274,5647313
2019,Sumatera Barat,8403,37657,151598,647807,219661,567930,379662,1253394
2019,Riau,79244,335175,928418,4388842,1733959,4789191,2741621,9513208
2019,Jambi,20430,82660,362662,1332127,651712,1469619,1034804,2884406
2019,Sumatera Selatan,38918,85761,514807,1663306,637676,2300088,1191401,4049155
2019,Bengkulu,829,1768,100665,282066,209178,748222,310672,1032056
2019,Lampung,10225,27862,73170,182998,109609,203346,193004,414206
2019,Kepulauan Bangka Belitung,0,0,154490,668337,70671,147330,225161,815667
2019,Kepulauan Riau,0,0,6115,21276,1281,1512,7396,22788
2019,DKI Jakarta,0,0,0,0,0,0,0,0
2019,Jawa Barat,10174,25628,3238,6175,304,363,13716,32166
2019,Jawa Tengah,0,0,0,0,0,0,0,0
2019,Daerah Istimewa Yogyakarta,0,0,0,0,0,0,0,0
2019,Jawa Timur,0,0,0,0,0,0,0,0
2019,Banten,9997,25542,2377,2397,6868,3380,19242,31319
2019,Bali,0,0,0,0,0,0,0,0
2019,Nusa Tenggara Barat,0,0,0,0,0,0,0,0
2019,Nusa Tenggara Timur,0,0,0,0,0,0,0,0
2019,Kalimantan Barat,28977,42800,1424141,4219057,564338,973442,2017456,5235299
2019,Kalimantan Tengah,0,0,1541996,7162659,380088,502182,1922084,7664841
2019,Kalimantan Selatan,5453,9693,359400,1411620,106411,244084,471264,1665397
2019,Kalimantan Timur,19716,23634,978589,3458880,255919,506370,1254224,3988884
2019,Kalimantan Utara,0,0,118060,229204,37319,52185,155379,281389
2019,Sulawesi Utara,0,0,0,0,0,0,0,0
2019,Sulawesi Tengah,0,0,83455,259880,54084,121781,137539,381661
2019,Sulawesi Selatan,20264,6109,3080,2386,28423,82468,51767,90963
2019,Sulawesi Tenggara,6500,1183,48490,53674,6731,4603,61721,59460
2019,Gorontalo,0,0,8096,14282,3653,1893,11749,16175
2019,Sulawesi Barat,0,0,51304,158768,104766,189588,156070,348356
2019,Maluku,0,0,9149,17481,853,93,10002,17574
2019,Maluku Utara,0,0,5541,0,0,0,5541,0
2019,Papua Barat,0,0,31303,78549,19347,24946,50650,103495
2019,Papua,15417,0,144026,429607,14244,8121,173687,437728
2020,Aceh,33512,82124,193673,500738,242819,444436,470004,1027298
2020,Sumatera Utara,292321,1492043,552902,2124876,441400,1583945,1286623,5200864
2020,Sumatera Barat,8403,36945,165589,609287,242342,652421,416334,1298653
2020,Riau,75150,359212,1024819,3772831,1762163,4731888,2862132,8863931
2020,Jambi,20407,94710,291342,1012970,771997,1532214,1083746,2639894
2020,Sumatera Selatan,35821,84388,502888,1446909,503532,1747797,1042241,3279094
2020,Bengkulu,830,1292,103788,294563,213734,770316,318352,1066171
2020,Lampung,8847,22600,65628,136480,109339,197639,183814,356719
2020,Kepulauan Bangka Belitung,0,0,163961,644843,73210,158478,237171,803321
2020,Kepulauan Riau,0,0,6120,18248,1273,1505,7393,19753
2020,DKI Jakarta,0,0,0,0,0,0,0,0
2020,Jawa Barat,10341,24992,2799,6856,286,362,13426,32210
2020,Jawa Tengah,0,0,0,0,0,0,0,0
2020,Daerah Istimewa Yogyakarta,0,0,0,0,0,0,0,0
2020,Jawa Timur,0,0,0,0,0,0,0,0
2020,Banten,9997,18831,2374,1967,7185,3235,19556,24033
2020,Bali,0,0,0,0,0,0,0,0
2020,Nusa Tenggara Barat,0,0,0,0,0,0,0,0
2020,Nusa Tenggara Timur,0,0,0,0,0,0,0,0
2020,Kalimantan Barat,27404,44739,1392656,4269327,689830,1428859,2109890,5742925
2020,Kalimantan Tengah,0,0,1522876,7137959,357944,934920,1880820,8072879
2020,Kalimantan Selatan,5377,11593,355223,1047360,106934,246144,467534,1305097
2020,Kalimantan Timur,16222,28622,1051144,3153853,254044,540254,1321410,3722729
2020,Kalimantan Utara,0,0,173860,466174,37275,67479,211135,533653
2020,Sulawesi Utara,0,0,0,0,0,0,0,0
2020,Sulawesi Tengah,0,0,80977,302134,53981,129784,134958,431918
2020,Sulawesi Selatan,14347,7170,2922,3223,30918,88763,48187,99156
2020,Sulawesi Tenggara,6262,1351,60694,45911,7524,5030,74480,52292
2020,Gorontalo,0,0,8894,2319,4958,4223,13852,6542
2020,Sulawesi Barat,0,0,40304,134199,104845,196935,145149,331134
2020,Maluku,0,0,9860,19166,853,103,10713,19269
2020,Maluku Utara,0,0,5555,0,0,0,5555,0
2020,Papua Barat,0,0,42975,86196,11429,20579,54404,106775
2020,Papua,0,0,153475,697417,14244,8121,167719,705538
2021,Aceh,33325,87546,195153,422072,247101,456426,475579,966044
2021,Sumatera Utara,288809,1358200,517204,2267118,442073,1639416,1248086,5264734
2021,Sumatera Barat,8403,41207,189806,687000,250631,668605,448840,1396812
2021,Riau,75192,393782,1020818,3750433,1762163,4817725,2858173,8961940
2021,Jambi,20591,84340,292111,828259,771998,1519044,1084700,2431643
2021,Sumatera Selatan,33865,101308,561246,1721216,522247,1869177,1117358,3691701
2021,Bengkulu,830,2202,98706,264120,273286,728261,372822,994583
2021,Lampung,7601,33060,79855,218168,109175,198771,196631,449999
2021,Kepulauan Bangka Belitung,0,0,155361,686432,79457,179619,234818,866051
2021,Kepulauan Riau,0,0,6073,14101,1283,1722,7356,15823
2021,DKI Jakarta,0,0,0,0,0,0,0,0
2021,Jawa Barat,10334,24760,3788,3884,291,372,14413,29016
2021,Jawa Tengah,0,0,0,0,0,0,0,0
2021,Daerah Istimewa Yogyakarta,0,0,0,0,0,0,0,0
2021,Jawa Timur,0,0,0,0,0,0,0,0
2021,Banten,9997,24879,2374,2315,6697,3235,19068,30429
2021,Bali,0,0,0,0,0,0,0,0
2021,Nusa Tenggara Barat,0,0,0,0,0,0,0,0
2021,Nusa Tenggara Timur,0,0,0,0,0,0,0,0
2021,Kalimantan Barat,28021,48177,1453126,4242266,534767,1041895,2015914,5332338
2021,Kalimantan Tengah,0,0,1446281,6298022,376612,982721,1822893,7280743
2021,Kalimantan Selatan,5377,14912,355897,920431,107582,251938,468856,1187281
2021,Kalimantan Timur,16027,26687,1043425,3176312,252643,547608,1312095,3750607
2021,Kalimantan Utara,0,0,199641,517138,37494,73521,237135,590659
2021,Sulawesi Utara,0,0,0,0,0,0,0,0
2021,Sulawesi Tengah,0,0,88830,311352,54766,133965,143596,445317
2021,Sulawesi Selatan,11089,13792,1184,3804,34677,96003,46950,113599
2021,Sulawesi Tenggara,872,1282,61974,55647,7945,3938,70791,60867
2021,Gorontalo,0,0,14185,9861,4958,4259,19143,14120
2021,Sulawesi Barat,0,0,40269,136361,108124,242733,148393,379094
2021,Maluku,0,0,9342,20800,853,118,10195,20918
2021,Maluku Utara,0,0,5555,0,0,0,5555,0
2021,Papua Barat,0,0,45929,97049,22135,21799,68064,118848
2021,Papua,0,0,153475,707345,20794,20969,174269,728314
2022,Aceh,31450,77549,184491,442373,258991,459727,474933,979649
2022,Sumatera Utara,302220,1426891,578024,1911039,490163,1713582,1370407,5051511
2022,Sumatera Barat,7828,30762,180403,705324,251672,675536,439904,1411623
2022,Riau,75158,393686,1030781,3527238,1762164,4818207,2868103,8739131
2022,Jambi,19567,82709,280422,912649,771997,1519348,1071987,2514706
2022,Sumatera Selatan,25097,88375,574335,2152234,534756,1778342,1134188,4018951
2022,Bengkulu,830,2923,97931,305045,319346,1069003,418107,1376971
2022,Lampung,7601,32779,80255,239881,110726,203104,198582,475764
2022,Kepulauan Bangka Belitung,0,0,159501,656973,90651,209722,250152,866695
2022,Kepulauan Riau,0,0,6354,17273,1326,1409,7680,18682
2022,DKI Jakarta,0,0,0,0,0,0,0,0
2022,Jawa Barat,11255,28082,4248,4857,263,380,15767,33320
2022,Jawa Tengah,0,0,0,0,0,0,0,0
2022,Daerah Istimewa Yogyakarta,0,0,0,0,0,0,0,0
2022,Jawa Timur,0,0,0,0,0,0,0,0
2022,Banten,9998,24070,2359,1892,6678,3225,19035,29187
2022,Bali,0,0,0,0,0,0,0,0
2022,Nusa Tenggara Barat,0,0,0,0,0,0,0,0
2022,Nusa Tenggara Timur,0,0,0,0,0,0,0,0
2022,Kalimantan Barat,27213,47197,1448396,3977463,597067,1109708,2072675,5134368
2022,Kalimantan Tengah,0,0,1808538,7332030,397298,1031733,2205836,8363763
2022,Kalimantan Selatan,5377,14488,400961,1073591,109778,254884,516117,1342963
2022,Kalimantan Timur,15110,26444,1157752,3248263,197730,826156,1370592,4100863
2022,Kalimantan Utara,0,0,198052,499997,38938,74411,236990,574408
2022,Sulawesi Utara,0,0,0,0,0,0,0,0
2022,Sulawesi Tengah,0,0,83080,297379,59137,139055,142217,436434
2022,Sulawesi Selatan,8683,18664,1362,3875,40187,101073,50232,123612
2022,Sulawesi Tenggara,923,1356,61162,55773,11795,8467,73880,65596
2022,Gorontalo,0,0,14186,12187,4923,4256,19109,16443
2022,Sulawesi Barat,0,0,39031,123985,108443,263567,147474,387552
2022,Maluku,0,0,9342,18966,853,124,10195,19090
2022,Maluku Utara,0,0,5555,17979,0,0,5555,17979
2022,Papua Barat,0,0,45892,72464,27387,22396,73279,94860
2022,Papua,0,0,124419,602360,21138,23192,145557,625552
2023,Aceh,31450,77549,184491,442373,258991,459727,474933,979649
2023,Sumatera Utara,302220,1426891,578024,1911039,490163,1713582,1370407,5051511
2023,Sumatera Barat,7828,30762,180403,705324,251672,675536,439904,1411623
2023,Riau,75158,393686,1030781,3527238,1762164,4818207,2868103,8739131
2023,Jambi,19567,82709,280422,912649,771997,1519348,1071987,2514706
2023,Sumatera Selatan,25097,88375,574335,2152234,534756,1778342,1134188,4018951
2023,Bengkulu,830,2923,97931,305045,319346,1069003,418107,1376971
2023,Lampung,7601,32779,80255,239881,110726,203104,198582,475764
2023,Kepulauan Bangka Belitung,0,0,159501,656973,90651,209722,250152,866695
2023,Kepulauan Riau,0,0,6354,17273,1326,1409,7680,18682
2023,DKI Jakarta,0,0,0,0,0,0,0,0
2023,Jawa Barat,11255,28082,4248,4857,263,380,15767,33320
2023,Jawa Tengah,0,0,0,0,0,0,0,0
2023,Daerah Istimewa Yogyakarta,0,0,0,0,0,0,0,0
2023,Jawa Timur,0,0,0,0,0,0,0,0
2023,Banten,9998,24070,2359,1892,6678,3225,19035,29187
2023,Bali,0,0,0,0,0,0,0,0
2023,Nusa Tenggara Barat,0,0,0,0,0,0,0,0
2023,Nusa Tenggara Timur,0,0,0,0,0,0,0,0
2023,Kalimantan Barat,27213,47197,1448396,3977463,597067,1109708,2072675,5134368
2023,Kalimantan Tengah,0,0,1808538,7332030,397298,1031733,2205836,8363763
2023,Kalimantan Selatan,5377,14488,400961,1073591,109778,254884,516117,1342963
2023,Kalimantan Timur,15110,26444,1157752,3248263,197730,826156,1370592,4100863
2023,Kalimantan Utara,0,0,198052,499997,38938,74411,236990,574408
2023,Sulawesi Utara,0,0,0,0,0,0,0,0
2023,Sulawesi Tengah,0,0,83080,297379,59137,139055,142217,436434
2023,Sulawesi Selatan,8683,18664,1362,3875,40187,101073,50232,123612
2023,Sulawesi Tenggara,923,1356,61162,55773,11795,8467,73880,65596
2023,Gorontalo,0,0,14186,12187,4923,4256,19109,16443
2023,Sulawesi Barat,0,0,39031,123985,108443,263567,147474,387552
2023,Maluku,0,0,9342,18966,853,124,10195,19090
2023,Maluku Utara,0,0,5555,17979,0,0,5555,17979
2023,Papua Barat,0,0,45892,72464,27387,22396,73279,94860
2023,Papua,0,0,124419,602360,21138,23192,145557,625552
